sample_id,ucdb_id,city_name,country,country_un_m49,ucdb_region,income_group_ucdb,population_2025,area_km2_2025,status,n_buildings,height_pct,vertical_evidence_pct,hot_days_ge32,hot_days_ge35,hot_days_ge40,retained_for_heat_readiness,height_below_5pct,heat_exposed_top_quartile,trigger_height_below_5pct_conservative,heat_exposed_design_weighted_top_quartile,trigger_height_below_5pct_design_cutoff_conservative,selected_simulations,pi_hat,design_weight,nonretained_outcome_imputation
ucdb_001,10207,Gushi,China,China,Eastern and South-Eastern Asia,Upper Middle,188007.044,44.0,downloaded,22485,0.0133,0.0311,82,28,0,True,True,False,False,False,False,45,0.01125,88.88888888888889,observed
ucdb_002,3122,Arnhem,Netherlands,Netherlands,Europe,High income,194293.4087,62.0,downloaded,112080,1.7978,4.1551,0,0,0,True,True,False,False,False,False,202,0.0505,19.801980198019802,observed
ucdb_003,2917,Thanh Hoá,Vietnam,Viet Nam,Eastern and South-Eastern Asia,Lower Middle,257053.7589,69.0,downloaded,98572,0.001,0.0051,102,25,2,True,True,False,False,False,False,617,0.15425,6.482982171799027,observed
ucdb_004,797,Léogâne,Haiti,Haiti,Latin America and the Caribbean,Lower Middle,162657.2234,49.0,downloaded,47895,0.0,0.0084,175,2,0,True,True,False,False,False,False,208,0.052,19.23076923076923,observed
ucdb_005,6940,Bani Gala,Pakistan,Pakistan,Central and Southern Asia,Lower Middle,154614.1539,24.0,downloaded,25893,0.0,0.1429,115,71,36,True,True,True,True,False,False,257,0.06425,15.56420233463035,observed
ucdb_006,2304,Qarshi,Uzbekistan,Uzbekistan,Central and Southern Asia,Lower Middle,512027.1313,149.0,downloaded,97485,0.0195,55.9758,118,95,43,True,True,True,True,False,False,1125,0.28125,3.5555555555555554,observed
ucdb_007,4821,Kasaji,Democratic Republic of the Congo,Democratic Republic of the Congo,Sub-Saharan Africa,Low income,314536.9724,16.0,downloaded,14488,0.0,0.0,137,28,0,True,True,False,False,False,False,225,0.05625,17.77777777777778,observed
ucdb_008,1127,Quetta,Pakistan,Pakistan,Central and Southern Asia,Lower Middle,969068.0898,151.0,downloaded,247022,0.0607,0.0648,71,26,1,True,True,False,False,False,False,259,0.06475,15.444015444015443,observed
ucdb_009,4930,Qarabagh,Afghanistan,Afghanistan,Central and Southern Asia,Low income,134534.3956,34.0,downloaded,7650,0.0,0.0,10,0,0,True,True,False,False,False,False,979,0.24475,4.085801838610827,observed
ucdb_010,885,Dashoguz,Turkmenistan,Turkmenistan,Central and Southern Asia,Upper Middle,182056.1445,44.0,downloaded,1100,0.0,43.2727,92,67,19,True,True,True,True,False,False,1250,0.3125,3.2,observed
ucdb_011,2318,Muar,Malaysia,Malaysia,Eastern and South-Eastern Asia,Upper Middle,127386.1714,45.0,downloaded,30578,0.0033,0.0785,37,0,0,True,True,False,False,False,False,715,0.17875,5.594405594405595,observed
ucdb_012,1385,Torquay,United Kingdom,United Kingdom,Europe,High income,111322.811,44.0,downloaded,30967,48.6195,49.0425,0,0,0,True,False,False,False,False,False,207,0.05175,19.32367149758454,observed
ucdb_013,6340,Nalchik,Russia,Russian Federation,Europe,Upper Middle,224565.6776,50.0,downloaded,45370,3.9321,4.3685,15,0,0,True,True,False,False,False,False,200,0.05,20.0,observed
ucdb_014,4069,Karadere,Turkey,Turkey,Northern Africa and Western Asia,Upper Middle,124762.8584,42.0,downloaded,9263,0.0,0.0108,84,33,0,True,True,False,False,False,False,192,0.048,20.833333333333332,observed
ucdb_015,5728,Koriyama,Japan,Japan,Eastern and South-Eastern Asia,High income,215512.8921,63.0,downloaded,99096,0.005,0.1282,8,0,0,True,True,False,False,False,False,495,0.12375,8.080808080808081,observed
ucdb_016,7484,Rangunia,Bangladesh,Bangladesh,Central and Southern Asia,Lower Middle,237115.2507,90.0,downloaded,47165,0.0,0.0,77,18,0,True,True,False,False,False,False,324,0.081,12.345679012345679,observed
ucdb_017,8403,João Pessoa,Brazil,Brazil,Latin America and the Caribbean,Upper Middle,1120243.077,198.0,downloaded,284025,0.0359,0.5869,119,0,0,True,True,False,False,False,False,202,0.0505,19.801980198019802,observed
ucdb_018,7836,Daska,Pakistan,Pakistan,Central and Southern Asia,Lower Middle,408492.7549,31.0,downloaded,39359,0.0051,0.0102,170,95,58,True,True,True,True,False,False,223,0.05575,17.937219730941703,observed
ucdb_019,7526,Abakan,Russia,Russian Federation,Europe,Upper Middle,167068.2904,46.0,downloaded,17698,0.4351,8.2665,9,3,0,True,True,False,False,False,False,192,0.048,20.833333333333332,observed
ucdb_020,1351,Ipoh,Malaysia,Malaysia,Eastern and South-Eastern Asia,Upper Middle,861932.7849,227.0,downloaded,138852,0.0022,0.6899,0,0,0,True,True,False,False,False,False,699,0.17475,5.722460658082976,observed
ucdb_021,2395,Huichon,North Korea,Dem. People's Republic of Korea,Eastern and South-Eastern Asia,Low income,144336.6723,9.0,downloaded,2262,0.0,0.6189,0,0,0,True,True,False,False,False,False,671,0.16775,5.961251862891207,observed
ucdb_022,5321,Sinpho,North Korea,Dem. People's Republic of Korea,Eastern and South-Eastern Asia,Low income,112796.634,26.0,downloaded,560,0.0,0.0,0,0,0,True,True,False,False,False,False,708,0.177,5.649717514124294,observed
ucdb_023,9892,Tirupattur,India,India,Central and Southern Asia,Lower Middle,167206.9784,29.0,downloaded,25481,0.0,0.0,193,104,29,True,True,True,True,True,True,36,0.009,111.11111111111111,observed
ucdb_024,7585,Lumajang,Indonesia,Indonesia,Eastern and South-Eastern Asia,Upper Middle,115947.1063,17.0,downloaded,28791,0.0,0.2536,68,5,0,True,True,False,False,False,False,200,0.05,20.0,observed
ucdb_025,7343,Francisco Morato,Brazil,Brazil,Latin America and the Caribbean,Upper Middle,351136.9754,70.0,downloaded,119103,0.0008,0.0126,74,9,0,True,True,False,False,False,False,180,0.045,22.22222222222222,observed
ucdb_026,6492,Bingöl,Turkey,Turkey,Northern Africa and Western Asia,Upper Middle,113229.8489,13.0,downloaded,5515,0.0,3.427,33,1,0,True,True,False,False,False,False,198,0.0495,20.2020202020202,observed
ucdb_027,11085,Danbei,China,China,Eastern and South-Eastern Asia,Upper Middle,108204.4731,42.0,downloaded,9725,0.0,0.0,69,19,0,True,True,False,False,False,False,31,0.00775,129.03225806451613,observed
ucdb_028,6488,Uberaba,Brazil,Brazil,Latin America and the Caribbean,Upper Middle,330021.3868,80.0,downloaded,142852,0.0014,0.0539,178,69,3,True,True,True,True,False,False,197,0.04925,20.304568527918782,observed
ucdb_029,5472,Jakarta,Indonesia,Indonesia,Eastern and South-Eastern Asia,Upper Middle,40545125.86,4614.0,downloaded,8251981,0.0758,0.5191,3,0,0,True,True,False,False,False,False,183,0.04575,21.85792349726776,observed
ucdb_030,3790,Hidalgo del Parral,MÃ©xico,Mexico,Latin America and the Caribbean,Upper Middle,115314.3604,28.0,downloaded,47117,0.0,0.0233,89,35,0,True,True,False,False,False,False,192,0.048,20.833333333333332,observed
ucdb_031,2121,Kenge,Democratic Republic of the Congo,Democratic Republic of the Congo,Sub-Saharan Africa,Low income,108939.9387,20.0,downloaded,15455,0.0065,0.0065,234,79,0,True,True,True,True,False,False,218,0.0545,18.34862385321101,observed
ucdb_032,538,Amora,Portugal,Portugal,Europe,High income,100347.4849,23.0,downloaded,13022,0.2841,1.1673,0,0,0,True,True,False,False,False,False,193,0.04825,20.72538860103627,observed
ucdb_033,4436,Sariwon,North Korea,Dem. People's Republic of Korea,Eastern and South-Eastern Asia,Low income,401117.4345,24.0,downloaded,344,0.0,3.4884,13,0,0,True,True,False,False,False,False,681,0.17025,5.873715124816446,observed
ucdb_034,117,Bulawayo,Zimbabwe,Zimbabwe,Sub-Saharan Africa,Lower Middle,492010.9037,173.0,downloaded,160208,0.0075,0.1167,85,35,0,True,True,False,False,False,False,203,0.05075,19.704433497536943,observed
ucdb_035,5296,Matsumoto,Japan,Japan,Eastern and South-Eastern Asia,High income,176025.0298,65.0,downloaded,86154,0.0012,0.3273,0,0,0,True,True,False,False,False,False,496,0.124,8.064516129032258,observed
ucdb_036,7400,Bilimora,India,India,Central and Southern Asia,Lower Middle,100109.5797,11.0,downloaded,14559,0.0,0.0,195,129,56,True,True,True,True,True,True,40,0.01,100.0,observed
ucdb_037,5782,Aleta Wendo,Ethiopia,Ethiopia,Sub-Saharan Africa,Low income,142203.2541,10.0,downloaded,13087,0.0,0.0,4,0,0,True,True,False,False,False,False,219,0.05475,18.264840182648403,observed
ucdb_038,3436,Batangas City,Philippines,Philippines,Eastern and South-Eastern Asia,Lower Middle,430499.2173,119.0,downloaded,119861,0.6382,1.6744,91,38,0,True,True,False,False,False,False,580,0.145,6.8965517241379315,observed
ucdb_039,5355,Ain Mlila,Algeria,Algeria,Northern Africa and Western Asia,Lower Middle,102895.2182,17.0,downloaded,7620,0.0,1.6667,94,57,20,True,True,False,False,False,False,195,0.04875,20.51282051282051,observed
ucdb_040,1726,G'ijduvon,Uzbekistan,Uzbekistan,Central and Southern Asia,Lower Middle,105500.2166,42.0,downloaded,20360,0.0049,0.0098,109,86,33,True,True,True,True,False,False,1140,0.285,3.5087719298245617,observed
ucdb_041,5490,Behbahan,Iran,Iran (Islamic Republic of),Central and Southern Asia,Lower Middle,105944.3156,23.0,downloaded,86,12.7907,12.7907,196,167,128,False,False,True,False,True,False,442,0.1105,9.049773755656108,set_false
ucdb_042,3273,Riverside,United States,United States of America,Northern America,High income,495766.989,198.0,downloaded,122698,92.3903,92.7766,99,58,10,True,False,False,False,False,False,194,0.0485,20.618556701030926,observed
ucdb_043,3315,Bannu,Pakistan,Pakistan,Central and Southern Asia,Lower Middle,637353.248,163.0,downloaded,132165,0.0,0.0015,176,123,44,True,True,True,True,True,True,279,0.06975,14.336917562724013,observed
ucdb_044,8272,Kotamobagu,Indonesia,Indonesia,Eastern and South-Eastern Asia,Upper Middle,144271.3865,27.0,downloaded,41012,0.0,0.0073,3,0,0,True,True,False,False,False,False,183,0.04575,21.85792349726776,observed
ucdb_045,7794,Lahore,Pakistan,Pakistan,Central and Southern Asia,Lower Middle,14305060.03,898.0,downloaded,1085601,0.0695,1.2273,216,130,74,True,True,True,True,True,True,241,0.06025,16.597510373443985,observed
ucdb_046,253,Buea,Cameroon,Cameroon,Sub-Saharan Africa,Lower Middle,189165.1939,34.0,downloaded,30713,0.0033,0.0195,41,0,0,True,True,False,False,False,False,213,0.05325,18.779342723004696,observed
ucdb_047,2592,Taraz,Kazakhstan,Kazakhstan,Central and Southern Asia,Upper Middle,234774.6848,94.0,downloaded,77688,0.0039,2.7173,73,40,4,True,True,False,False,False,False,1263,0.31575,3.1670625494853524,observed
ucdb_048,295,Bujumbura,Burundi,Burundi,Sub-Saharan Africa,Low income,1403418.731,141.0,downloaded,244127,1.3346,1.3571,0,0,0,True,True,False,False,False,False,235,0.05875,17.02127659574468,observed
ucdb_049,1569,Cabimas,Venezuela,Venezuela (Bolivarian Republic of),Latin America and the Caribbean,Upper Middle,299559.3463,65.0,downloaded,91568,0.0,0.0033,355,314,60,True,True,True,True,True,True,224,0.056,17.857142857142858,observed
ucdb_050,3845,Boumerdes,Algeria,Algeria,Northern Africa and Western Asia,Lower Middle,560227.3572,161.0,downloaded,101217,0.0287,2.0807,83,50,6,True,True,False,False,False,False,185,0.04625,21.62162162162162,observed
ucdb_051,4132,Lucena,Philippines,Philippines,Eastern and South-Eastern Asia,Lower Middle,329216.7729,54.0,downloaded,61166,0.0049,0.1193,48,0,0,True,True,False,False,False,False,611,0.15275,6.546644844517185,observed
ucdb_052,2074,Batticaloa,Sri Lanka,Sri Lanka,Central and Southern Asia,Lower Middle,139380.1403,56.0,downloaded,65399,0.0153,39.8141,125,0,0,True,True,False,False,False,False,1228,0.307,3.257328990228013,observed
ucdb_053,4993,Bagram,Afghanistan,Afghanistan,Central and Southern Asia,Low income,116037.1983,18.0,downloaded,2377,0.0,0.0,10,0,0,True,True,False,False,False,False,992,0.248,4.032258064516129,observed
ucdb_054,6778,Khasavyurt,Russia,Russian Federation,Europe,Upper Middle,207881.4441,41.0,downloaded,42029,0.0095,0.6924,19,4,0,True,True,False,False,False,False,190,0.0475,21.05263157894737,observed
ucdb_055,3269,Pohang-si,South Korea,Republic of Korea,Eastern and South-Eastern Asia,High income,373322.8152,103.0,downloaded,35295,0.0057,2.1816,4,0,0,True,True,False,False,False,False,722,0.1805,5.54016620498615,observed
ucdb_056,6967,Bandar Abbas,Iran,Iran (Islamic Republic of),Central and Southern Asia,Lower Middle,374709.0936,70.0,downloaded,3763,2.7372,3.6939,197,151,24,True,True,True,True,True,True,400,0.1,10.0,observed
ucdb_057,5972,Peterborough,United Kingdom,United Kingdom,Europe,High income,189937.2878,63.0,downloaded,53076,65.6888,66.0411,0,0,0,True,False,False,False,False,False,217,0.05425,18.433179723502306,observed
ucdb_058,997,الياقوت,Saudi Arabia,Saudi Arabia,Northern Africa and Western Asia,High income,101809.4311,26.0,downloaded,6775,0.0148,0.059,296,226,140,True,True,True,True,True,True,209,0.05225,19.138755980861244,observed
ucdb_059,7168,Miami,United States,United States of America,Northern America,High income,5733041.657,2784.0,downloaded,1244996,80.7573,80.8754,0,0,0,True,False,False,False,False,False,206,0.0515,19.417475728155342,observed
ucdb_060,8035,Makassar,Indonesia,Indonesia,Eastern and South-Eastern Asia,Upper Middle,2241888.193,343.0,downloaded,480037,0.0231,0.4793,43,0,0,True,True,False,False,False,False,198,0.0495,20.2020202020202,observed
ucdb_061,10211,Mengcheng,China,China,Eastern and South-Eastern Asia,Upper Middle,120364.7664,39.0,downloaded,15493,0.0194,0.0194,89,36,2,True,True,False,False,False,False,41,0.01025,97.5609756097561,observed
ucdb_062,3203,Girishk,Afghanistan,Afghanistan,Central and Southern Asia,Low income,152092.2053,14.0,downloaded,10080,0.0,0.0,162,139,70,True,True,True,True,True,True,981,0.24525,4.077471967380224,observed
ucdb_063,4992,Karaj,Iran,Iran (Islamic Republic of),Central and Southern Asia,Lower Middle,3585417.421,299.0,downloaded,110394,1.549,2.0508,0,0,0,True,True,False,False,False,False,394,0.0985,10.152284263959391,observed
ucdb_064,2315,Bangkok,Thailand,Thailand,Eastern and South-Eastern Asia,Upper Middle,19048031.94,2697.0,downloaded,3164571,0.0458,0.7029,250,130,39,True,True,True,True,True,True,673,0.16825,5.943536404160475,observed
ucdb_065,6123,Shahrud,Iran,Iran (Islamic Republic of),Central and Southern Asia,Lower Middle,108308.2338,26.0,downloaded,116,7.7586,27.5862,41,7,0,False,False,False,False,False,False,422,0.1055,9.47867298578199,set_false
ucdb_066,6584,Kobo,Ethiopia,Ethiopia,Sub-Saharan Africa,Low income,121602.5345,11.0,downloaded,18164,0.0,0.0,0,0,0,True,True,False,False,False,False,191,0.04775,20.94240837696335,observed
ucdb_067,4460,Kosti,Sudan,Sudan,Northern Africa and Western Asia,Low income,437240.6531,51.0,downloaded,119312,0.0,0.0,284,166,75,True,True,True,True,True,True,203,0.05075,19.704433497536943,observed
ucdb_068,3533,Songkhla,Thailand,Thailand,Eastern and South-Eastern Asia,Upper Middle,229876.2417,67.0,downloaded,41125,0.0097,0.0511,49,0,0,True,True,False,False,False,False,726,0.1815,5.5096418732782375,observed
ucdb_069,5897,Ikole,Nigeria,Nigeria,Sub-Saharan Africa,Lower Middle,168771.4101,20.0,downloaded,13998,0.0,0.0,148,19,0,True,True,False,False,False,False,174,0.0435,22.98850574712644,observed
ucdb_070,7574,Eidgaon,Bangladesh,Bangladesh,Central and Southern Asia,Lower Middle,111296.7916,38.0,downloaded,33067,0.0,0.0,18,0,0,True,True,False,False,False,False,302,0.0755,13.245033112582782,observed
ucdb_071,2393,Bắc Giang,Vietnam,Viet Nam,Eastern and South-Eastern Asia,Lower Middle,185730.7615,58.0,downloaded,68892,0.0,0.0377,69,8,0,True,True,False,False,False,False,573,0.14325,6.980802792321118,observed
ucdb_072,6526,Oghi,Pakistan,Pakistan,Central and Southern Asia,Lower Middle,151485.8268,41.0,downloaded,20450,0.0,0.0,27,1,0,True,True,False,False,False,False,222,0.0555,18.01801801801802,observed
ucdb_073,3658,Hassi Bahbah,Algeria,Algeria,Northern Africa and Western Asia,Lower Middle,130853.8332,12.0,downloaded,13497,0.0,0.2741,101,71,25,True,True,True,True,False,False,183,0.04575,21.85792349726776,observed
ucdb_074,3829,Vinh,Vietnam,Viet Nam,Eastern and South-Eastern Asia,Lower Middle,349192.1858,74.0,downloaded,147234,0.002,0.0061,141,52,6,True,True,False,False,False,False,562,0.1405,7.117437722419928,observed
ucdb_075,2003,Pingtung City,Taiwan,"China, Taiwan Province of China",Eastern and South-Eastern Asia,High income,168476.7096,45.0,downloaded,19599,0.0051,0.7449,28,0,0,True,True,False,False,False,False,742,0.1855,5.390835579514825,observed
ucdb_076,1009,Shindand,Afghanistan,Afghanistan,Central and Southern Asia,Low income,232133.7506,25.0,downloaded,11380,0.0,0.0,123,83,24,True,True,True,True,False,False,961,0.24025,4.162330905306972,observed
ucdb_077,6591,Nuevo Laredo,MÃ©xico,Mexico,Latin America and the Caribbean,Upper Middle,316098.3704,78.0,downloaded,103641,0.0791,0.0878,223,156,34,True,True,True,True,True,True,209,0.05225,19.138755980861244,observed
ucdb_078,3874,Hải Phòng,Vietnam,Viet Nam,Eastern and South-Eastern Asia,Lower Middle,922306.6795,221.0,downloaded,331644,0.0018,0.0214,18,3,0,True,True,False,False,False,False,614,0.1535,6.514657980456026,observed
ucdb_079,4512,Naha,Japan,Japan,Eastern and South-Eastern Asia,High income,1065339.195,309.0,downloaded,167074,0.0652,5.8034,0,0,0,True,True,False,False,False,False,504,0.126,7.936507936507937,observed
ucdb_080,2570,Umm Hajar,Chad,Chad,Sub-Saharan Africa,Low income,118033.7518,11.0,downloaded,9915,0.0,0.0,242,163,111,True,True,True,True,True,True,215,0.05375,18.6046511627907,observed
ucdb_081,2156,Magway,Myanmar,Myanmar,Eastern and South-Eastern Asia,Lower Middle,130500.5525,27.0,downloaded,26323,0.0494,0.0608,260,118,45,True,True,True,True,True,True,680,0.17,5.88235294117647,observed
ucdb_082,5563,Babol,Iran,Iran (Islamic Republic of),Central and Southern Asia,Lower Middle,230106.157,46.0,downloaded,33015,0.0242,0.0666,58,8,0,True,True,False,False,False,False,422,0.1055,9.47867298578199,observed
ucdb_083,6630,Bojnurd,Iran,Iran (Islamic Republic of),Central and Southern Asia,Lower Middle,241023.0459,31.0,downloaded,29713,0.1582,0.1716,57,16,0,True,True,False,False,False,False,400,0.1,10.0,observed
ucdb_084,2549,Cambridge,Canada,Canada,Northern America,High income,148072.5144,61.0,downloaded,34610,82.1901,83.3892,3,0,0,True,False,False,False,False,False,201,0.05025,19.90049751243781,observed
ucdb_085,4199,Namangan,Uzbekistan,Uzbekistan,Central and Southern Asia,Lower Middle,927907.7004,231.0,downloaded,83808,0.0072,0.5704,107,79,24,True,True,True,True,False,False,1156,0.289,3.4602076124567476,observed
ucdb_086,628,Osh,Kyrgyzstan,Kyrgyzstan,Central and Southern Asia,Lower Middle,481388.538,84.0,downloaded,60543,0.0281,1.3495,41,23,0,True,True,False,False,False,False,1246,0.3115,3.2102728731942216,observed
ucdb_087,3888,Birmingham,United Kingdom,United Kingdom,Europe,High income,2617210.513,685.0,downloaded,650592,43.1221,46.5418,0,0,0,True,False,False,False,False,False,233,0.05825,17.167381974248926,observed
ucdb_088,11080,Asansol,India,India,Central and Southern Asia,Lower Middle,2886897.019,249.0,downloaded,190478,0.0005,0.0735,154,99,50,True,True,True,True,True,True,36,0.009,111.11111111111111,observed
ucdb_089,5793,Pachuca,MÃ©xico,Mexico,Latin America and the Caribbean,Upper Middle,326869.8644,74.0,downloaded,110143,7.0599,7.2115,33,0,0,True,False,False,False,False,False,197,0.04925,20.304568527918782,observed
ucdb_090,1285,Bordeaux,France,France,Europe,High income,642755.5421,208.0,downloaded,309506,12.7665,14.643,5,2,0,True,False,False,False,False,False,180,0.045,22.22222222222222,observed
ucdb_091,8164,Ende,Indonesia,Indonesia,Eastern and South-Eastern Asia,Upper Middle,181319.9553,23.0,downloaded,30861,0.0,0.0,0,0,0,True,True,False,False,False,False,163,0.04075,24.539877300613497,observed
ucdb_092,7890,Niterói,Brazil,Brazil,Latin America and the Caribbean,Upper Middle,1734951.425,296.0,downloaded,442404,0.0057,0.0897,28,2,0,True,True,False,False,False,False,219,0.05475,18.264840182648403,observed
ucdb_093,3640,강서구역,North Korea,Dem. People's Republic of Korea,Eastern and South-Eastern Asia,Low income,140675.9529,13.0,downloaded,9846,0.0,0.0,13,0,0,True,True,False,False,False,False,729,0.18225,5.486968449931413,observed
ucdb_094,9906,Aruppukkottai,India,India,Central and Southern Asia,Lower Middle,141777.8933,18.0,downloaded,28420,0.0,0.0,253,140,25,True,True,True,True,True,True,47,0.01175,85.1063829787234,observed
ucdb_095,1360,Port Moresby,Papua New Guinea,Papua New Guinea,Oceania,Lower Middle,442164.8952,72.0,downloaded,7208,15.3024,61.3208,4,0,0,True,False,False,False,False,False,489,0.12225,8.1799591002045,observed
ucdb_096,5730,Tizayuca,MÃ©xico,Mexico,Latin America and the Caribbean,Upper Middle,101965.6766,30.0,downloaded,36815,0.0299,0.0353,33,0,0,True,True,False,False,False,False,195,0.04875,20.51282051282051,observed
ucdb_097,4659,Chŏngjin,North Korea,Dem. People's Republic of Korea,Eastern and South-Eastern Asia,Low income,683869.9471,71.0,downloaded,14414,0.0,0.0139,1,0,0,True,True,False,False,False,False,637,0.15925,6.279434850863423,observed
ucdb_098,1822,Kathmandu,Nepal,Nepal,Central and Southern Asia,Lower Middle,3862696.52,350.0,downloaded,683777,0.0399,2.6232,26,1,0,True,True,False,False,False,False,1235,0.30875,3.2388663967611335,observed
ucdb_099,672,Las Palmas de Gran Canaria,Spain,Spain,Europe,High income,378493.8292,51.0,downloaded,37870,2.8492,38.7325,0,0,0,True,True,False,False,False,False,209,0.05225,19.138755980861244,observed
ucdb_100,1345,Pokhara,Nepal,Nepal,Central and Southern Asia,Lower Middle,151398.9452,45.0,downloaded,86445,0.0254,2.7902,38,5,0,True,True,False,False,False,False,1266,0.3165,3.1595576619273302,observed
ucdb_101,9628,Siddipet,India,India,Central and Southern Asia,Lower Middle,127661.2079,15.0,downloaded,26966,0.0,0.0111,151,104,36,True,True,True,True,True,True,42,0.0105,95.23809523809523,observed
ucdb_102,3936,Ede,Nigeria,Nigeria,Sub-Saharan Africa,Lower Middle,122020.1243,37.0,downloaded,41053,0.0024,0.0024,28,0,0,True,True,False,False,False,False,178,0.0445,22.471910112359552,observed
ucdb_103,5239,Ho Chi Minh City,Vietnam,Viet Nam,Eastern and South-Eastern Asia,Lower Middle,14557830.27,1487.0,downloaded,1951994,0.0123,0.1378,172,102,29,True,True,True,True,True,True,585,0.14625,6.837606837606838,observed
ucdb_104,895,Tulsipur,Nepal,Nepal,Central and Southern Asia,Lower Middle,101378.2395,32.0,downloaded,27789,0.1583,0.2699,88,57,13,True,True,False,False,False,False,1225,0.30625,3.265306122448979,observed
ucdb_105,1006,Urgench,Uzbekistan,Uzbekistan,Central and Southern Asia,Lower Middle,261275.914,66.0,downloaded,22016,0.0363,5.1871,98,68,24,True,True,True,True,False,False,1129,0.28225,3.5429583702391496,observed
ucdb_106,7638,Sahiwal,Pakistan,Pakistan,Central and Southern Asia,Lower Middle,693877.0397,77.0,downloaded,70595,0.0,0.0,235,213,96,True,True,True,True,True,True,223,0.05575,17.937219730941703,observed
ucdb_107,5908,Bảo Lộc,Vietnam,Viet Nam,Eastern and South-Eastern Asia,Lower Middle,145024.5058,34.0,downloaded,44032,0.0,1.4172,104,75,3,True,True,True,True,False,False,576,0.144,6.944444444444445,observed
ucdb_108,4730,Taungoo,Myanmar,Myanmar,Eastern and South-Eastern Asia,Lower Middle,175200.0844,25.0,downloaded,20485,0.0,0.0,221,105,41,True,True,True,True,True,True,655,0.16375,6.106870229007633,observed
ucdb_109,1592,Saarbruecken,Germany,Germany,Europe,High income,125455.5146,41.0,downloaded,34723,16.9513,50.4565,1,0,0,True,False,False,False,False,False,211,0.05275,18.95734597156398,observed
ucdb_110,5741,Sari,Iran,Iran (Islamic Republic of),Central and Southern Asia,Lower Middle,259509.397,47.0,downloaded,33276,0.1232,0.2194,93,45,3,True,True,False,False,False,False,430,0.1075,9.30232558139535,observed
ucdb_111,9416,Adilabad,India,India,Central and Southern Asia,Lower Middle,171170.9281,15.0,downloaded,29869,0.0,0.0402,156,125,54,True,True,True,True,True,True,51,0.01275,78.43137254901961,observed
ucdb_112,6394,Wenjiang,China,China,Eastern and South-Eastern Asia,Upper Middle,290348.7856,64.0,downloaded,23885,0.0,0.134,51,7,0,True,True,False,False,False,False,36,0.009,111.11111111111111,observed
ucdb_113,379,Pedro Juan Caballero,Paraguay,Paraguay,Latin America and the Caribbean,Upper Middle,127053.1349,25.0,downloaded,41866,0.0334,18.9605,214,112,4,True,True,True,True,True,True,198,0.0495,20.2020202020202,observed
ucdb_114,4693,Maubin,Myanmar,Myanmar,Eastern and South-Eastern Asia,Lower Middle,177136.8441,12.0,downloaded,9543,0.0,0.0105,188,108,55,True,True,True,True,True,True,627,0.15675,6.379585326953748,observed
ucdb_115,6530,Mandiraja,Indonesia,Indonesia,Eastern and South-Eastern Asia,Upper Middle,204174.7537,68.0,downloaded,56665,0.0,0.0159,7,0,0,True,True,False,False,False,False,203,0.05075,19.704433497536943,observed
ucdb_116,9808,Akbarpur,India,India,Central and Southern Asia,Lower Middle,174686.2235,39.0,downloaded,26628,0.0,0.0,176,102,76,True,True,True,True,True,True,35,0.00875,114.28571428571428,observed
ucdb_117,5937,دنجواي,Egypt,Egypt,Northern Africa and Western Asia,Lower Middle,203918.5383,23.0,downloaded,16844,0.0,0.0,175,136,62,True,True,True,True,True,True,196,0.049,20.408163265306122,observed
ucdb_118,3687,Pyinmana [Nay Pyi Taw],Myanmar,Myanmar,Eastern and South-Eastern Asia,Lower Middle,556726.2982,89.0,downloaded,65174,0.2102,0.2256,163,94,32,True,True,True,True,False,False,651,0.16275,6.1443932411674345,observed
ucdb_119,2530,Joypurhat,Bangladesh,Bangladesh,Central and Southern Asia,Lower Middle,120904.2623,19.0,downloaded,15335,0.0,0.0,157,64,25,True,True,False,False,False,False,320,0.08,12.5,observed
ucdb_120,8044,Cachoeiro de Itapemirim,Brazil,Brazil,Latin America and the Caribbean,Upper Middle,169215.8021,30.0,downloaded,35540,0.0,0.6106,177,63,0,True,True,False,False,False,False,172,0.043,23.255813953488374,observed
ucdb_121,5154,Kowon,North Korea,Dem. People's Republic of Korea,Eastern and South-Eastern Asia,Low income,108075.3277,7.0,downloaded,3557,0.0,0.0,1,0,0,True,True,False,False,False,False,671,0.16775,5.961251862891207,observed
ucdb_122,1407,Moussoro,Chad,Chad,Sub-Saharan Africa,Low income,128413.6356,12.0,downloaded,9760,0.0,0.0,225,148,107,True,True,True,True,True,True,210,0.0525,19.047619047619047,observed
ucdb_123,2253,Punto Fijo,Venezuela,Venezuela (Bolivarian Republic of),Latin America and the Caribbean,Upper Middle,257860.7735,100.0,downloaded,73506,0.0,0.0014,328,82,0,True,True,True,True,False,False,195,0.04875,20.51282051282051,observed
ucdb_124,5729,Valencia,Philippines,Philippines,Eastern and South-Eastern Asia,Lower Middle,108837.2073,17.0,downloaded,15548,0.0257,0.2122,0,0,0,True,True,False,False,False,False,599,0.14975,6.67779632721202,observed
ucdb_125,546,Kpalimé,Togo,Togo,Sub-Saharan Africa,Low income,143596.0177,28.0,downloaded,38542,0.0,0.0156,109,7,0,True,True,False,False,False,False,194,0.0485,20.618556701030926,observed
ucdb_126,2044,Vinnytsia,Ukraine,Ukraine,Europe,Lower Middle,355789.1426,69.0,downloaded,63403,0.0741,4.0976,22,10,0,True,True,False,False,False,False,207,0.05175,19.32367149758454,observed
ucdb_127,1411,Bayda,Libya,Libya,Northern Africa and Western Asia,Upper Middle,112764.9469,24.0,downloaded,23274,0.0215,2.8272,12,4,0,True,True,False,False,False,False,206,0.0515,19.417475728155342,observed
ucdb_128,5163,Batna,Algeria,Algeria,Northern Africa and Western Asia,Lower Middle,377991.6114,41.0,downloaded,22245,1.5869,2.6568,67,38,2,True,True,False,False,False,False,177,0.04425,22.598870056497177,observed
ucdb_129,3590,Lahad Datu,Malaysia,Malaysia,Eastern and South-Eastern Asia,Upper Middle,116129.5884,31.0,downloaded,19871,0.0,0.1157,0,0,0,True,True,False,False,False,False,751,0.18775,5.326231691078562,observed
ucdb_130,6625,Musangala,Democratic Republic of the Congo,Democratic Republic of the Congo,Sub-Saharan Africa,Low income,182101.3636,13.0,downloaded,10333,0.0,0.0,84,26,0,True,True,False,False,False,False,218,0.0545,18.34862385321101,observed
ucdb_131,5416,Fuwwah,Yemen,Yemen,Northern Africa and Western Asia,Low income,123078.905,21.0,downloaded,13183,0.0303,1.282,190,97,2,True,True,True,True,False,False,227,0.05675,17.621145374449338,observed
ucdb_132,5323,Ozamiz,Philippines,Philippines,Eastern and South-Eastern Asia,Lower Middle,160470.3845,46.0,downloaded,32293,0.0,0.2106,64,6,0,True,True,False,False,False,False,615,0.15375,6.504065040650406,observed
ucdb_133,4549,Takaoka,Japan,Japan,Eastern and South-Eastern Asia,High income,157365.7874,90.0,downloaded,73370,0.0068,1.1939,4,0,0,True,True,False,False,False,False,523,0.13075,7.648183556405353,observed
ucdb_134,6844,Meishan,China,China,Eastern and South-Eastern Asia,Upper Middle,661433.3033,111.0,downloaded,15310,0.0,0.0,61,8,0,True,True,False,False,False,False,38,0.0095,105.26315789473685,observed
ucdb_135,3227,Oued Zem,Morocco,Morocco,Northern Africa and Western Asia,Lower Middle,103223.2911,12.0,downloaded,2,0.0,0.0,118,79,29,False,True,True,False,False,False,214,0.0535,18.69158878504673,set_false
ucdb_136,94,Kaliningrad,Russia,Russian Federation,Europe,Upper Middle,438434.9947,102.0,downloaded,48598,0.3128,19.9658,0,0,0,True,True,False,False,False,False,178,0.0445,22.471910112359552,observed
ucdb_137,2892,Sisulu Village,South Africa,South Africa,Sub-Saharan Africa,Upper Middle,151960.7384,38.0,downloaded,69199,0.0,0.0014,18,1,0,True,True,False,False,False,False,206,0.0515,19.417475728155342,observed
ucdb_138,927,Potosí,Bolivia,Bolivia (Plurinational State of),Latin America and the Caribbean,Lower Middle,261971.8658,26.0,downloaded,62032,0.5771,0.64,0,0,0,True,True,False,False,False,False,220,0.055,18.181818181818183,observed
ucdb_139,3010,Idiofa,Democratic Republic of the Congo,Democratic Republic of the Congo,Sub-Saharan Africa,Low income,131882.5099,20.0,downloaded,27125,0.0,0.0,222,94,0,True,True,True,True,False,False,197,0.04925,20.304568527918782,observed
ucdb_140,3225,Reconquista,Argentina,Argentina,Latin America and the Caribbean,Upper Middle,107098.3678,32.0,downloaded,43804,0.0,0.0137,101,48,1,True,True,False,False,False,False,164,0.041,24.390243902439025,observed
ucdb_141,6092,Nha Trang,Vietnam,Viet Nam,Eastern and South-Eastern Asia,Lower Middle,443635.5184,99.0,downloaded,133938,0.0037,0.8474,22,0,0,True,True,False,False,False,False,546,0.1365,7.326007326007326,observed
ucdb_142,3642,Matsuyama,Japan,Japan,Eastern and South-Eastern Asia,High income,421736.146,140.0,downloaded,127759,0.0063,0.1315,13,0,0,True,True,False,False,False,False,508,0.127,7.874015748031496,observed
ucdb_143,6498,Shariatpur,Bangladesh,Bangladesh,Central and Southern Asia,Lower Middle,301047.3821,124.0,downloaded,54483,0.0165,0.022,113,37,9,True,True,False,False,False,False,305,0.07625,13.114754098360656,observed
ucdb_144,3584,Myaung Mya,Myanmar,Myanmar,Eastern and South-Eastern Asia,Lower Middle,166741.7989,17.0,downloaded,16454,0.0,0.0061,208,119,45,True,True,True,True,True,True,667,0.16675,5.997001499250374,observed
ucdb_145,7052,Sorocaba,Brazil,Brazil,Latin America and the Caribbean,Upper Middle,712190.5064,147.0,downloaded,257558,2.1521,5.6974,100,20,0,True,True,False,False,False,False,195,0.04875,20.51282051282051,observed
ucdb_146,4172,Hemet,United States,United States of America,Northern America,High income,145151.1669,69.0,downloaded,46219,79.3851,79.6815,114,89,18,True,False,True,False,False,False,226,0.0565,17.699115044247787,observed
ucdb_147,2342,Newport,United Kingdom,United Kingdom,Europe,High income,118959.1841,46.0,downloaded,49911,24.165,31.2055,0,0,0,True,False,False,False,False,False,224,0.056,17.857142857142858,observed
ucdb_148,1432,Tabriz,Iran,Iran (Islamic Republic of),Central and Southern Asia,Lower Middle,1318694.238,164.0,downloaded,4315,4.8899,16.3152,45,6,0,True,True,False,False,False,False,412,0.103,9.708737864077671,observed
ucdb_149,6170,Isanlu Mopo,Nigeria,Nigeria,Sub-Saharan Africa,Lower Middle,150099.0517,19.0,downloaded,9484,0.0,0.0,243,122,3,True,True,True,True,True,True,185,0.04625,21.62162162162162,observed
ucdb_150,166,Babathan,Nepal,Nepal,Central and Southern Asia,Lower Middle,105155.6145,40.0,downloaded,17302,0.0,0.0,121,89,36,True,True,True,True,False,False,1272,0.318,3.144654088050314,observed
ucdb_151,4138,Bagé,Brazil,Brazil,Latin America and the Caribbean,Upper Middle,100920.1036,31.0,downloaded,44857,0.0,0.0178,29,6,0,True,True,False,False,False,False,193,0.04825,20.72538860103627,observed
ucdb_152,3962,Nampo,North Korea,Dem. People's Republic of Korea,Eastern and South-Eastern Asia,Low income,144642.5036,27.0,downloaded,23744,0.0,0.0,13,0,0,True,True,False,False,False,False,678,0.1695,5.899705014749262,observed
ucdb_153,4540,Quva,Uzbekistan,Uzbekistan,Central and Southern Asia,Lower Middle,104547.2704,41.0,downloaded,1080,0.0,0.0,95,65,18,True,True,False,False,False,False,1213,0.30325,3.297609233305853,observed
ucdb_154,5986,Fujieda,Japan,Japan,Eastern and South-Eastern Asia,High income,121220.3722,127.0,downloaded,138544,0.0,0.0115,3,0,0,True,True,False,False,False,False,523,0.13075,7.648183556405353,observed
ucdb_155,5813,Texmelucan,MÃ©xico,Mexico,Latin America and the Caribbean,Upper Middle,187949.0671,56.0,downloaded,64156,0.0,0.0062,5,0,0,True,True,False,False,False,False,202,0.0505,19.801980198019802,observed
ucdb_156,2822,Ngaoundéré,Cameroon,Cameroon,Sub-Saharan Africa,Lower Middle,359176.4499,53.0,downloaded,109943,0.0,0.0036,105,48,0,True,True,False,False,False,False,228,0.057,17.543859649122805,observed
ucdb_157,121,Rubavu,Rwanda,Rwanda,Sub-Saharan Africa,Low income,342554.9873,70.0,downloaded,86320,0.0,0.1819,0,0,0,True,True,False,False,False,False,211,0.05275,18.95734597156398,observed
ucdb_158,906,Taichung,Taiwan,"China, Taiwan Province of China",Eastern and South-Eastern Asia,High income,2318377.157,313.0,downloaded,129414,0.0865,9.4209,77,5,0,True,True,False,False,False,False,683,0.17075,5.856515373352854,observed
ucdb_159,3208,Pathein,Myanmar,Myanmar,Eastern and South-Eastern Asia,Lower Middle,226856.9312,34.0,downloaded,33453,0.0,0.0149,233,130,47,True,True,True,True,True,True,654,0.1635,6.116207951070336,observed
ucdb_160,1113,Domeez,Iraq,Iraq,Northern Africa and Western Asia,Upper Middle,155702.9481,18.0,downloaded,5872,0.2044,0.3236,120,107,46,True,True,True,True,True,True,194,0.0485,20.618556701030926,observed
ucdb_161,467,Tbilisi,Georgia,Georgia,Northern Africa and Western Asia,Upper Middle,988277.7269,151.0,downloaded,115694,0.1513,12.5443,46,7,0,True,True,False,False,False,False,201,0.05025,19.90049751243781,observed
ucdb_162,2186,Edinburgh,United Kingdom,United Kingdom,Europe,High income,530165.3007,130.0,downloaded,155161,18.5227,35.4329,0,0,0,True,False,False,False,False,False,190,0.0475,21.05263157894737,observed
ucdb_163,2555,Ferkéssédougou,CÃ´te d'Ivoire,CÃ´te d'Ivoire,Sub-Saharan Africa,Lower Middle,108042.3774,20.0,downloaded,30315,0.0,0.0264,263,185,21,True,True,True,True,True,True,245,0.06125,16.3265306122449,observed
ucdb_164,3343,Zeralda,Algeria,Algeria,Northern Africa and Western Asia,Lower Middle,151883.7825,53.0,downloaded,29894,0.0134,2.4921,83,50,6,True,True,False,False,False,False,207,0.05175,19.32367149758454,observed
ucdb_165,420,Qabilat alturki,Libya,Libya,Northern Africa and Western Asia,Upper Middle,102464.309,52.0,downloaded,26187,0.0,0.0267,94,27,7,True,True,False,False,False,False,206,0.0515,19.417475728155342,observed
ucdb_166,3120,Koléa,Algeria,Algeria,Northern Africa and Western Asia,Lower Middle,261237.5257,64.0,downloaded,53861,0.0074,1.1678,72,32,0,True,True,False,False,False,False,184,0.046,21.73913043478261,observed
ucdb_167,1792,Khmelnytskyi,Ukraine,Ukraine,Europe,Lower Middle,224407.29,57.0,downloaded,33650,0.0297,5.5126,9,0,0,True,True,False,False,False,False,214,0.0535,18.69158878504673,observed
ucdb_168,7103,Lakeland,United States,United States of America,Northern America,High income,124948.1547,89.0,downloaded,39721,57.2317,57.2392,133,54,0,True,False,False,False,False,False,209,0.05225,19.138755980861244,observed
ucdb_169,8947,Sanhe,China,China,Eastern and South-Eastern Asia,Upper Middle,340380.849,91.0,downloaded,32158,0.0031,0.0031,64,30,0,True,True,False,False,False,False,36,0.009,111.11111111111111,observed
ucdb_170,3637,Tha Chang,Thailand,Thailand,Eastern and South-Eastern Asia,Upper Middle,154230.0311,45.0,downloaded,31570,0.0,0.0475,34,0,0,True,True,False,False,False,False,702,0.1755,5.698005698005699,observed
ucdb_171,503,San Fernando,Philippines,Philippines,Eastern and South-Eastern Asia,Lower Middle,124412.0823,48.0,downloaded,41532,0.0048,0.0698,45,11,0,True,True,False,False,False,False,632,0.158,6.329113924050633,observed
ucdb_172,7003,Tima,Egypt,Egypt,Northern Africa and Western Asia,Lower Middle,255070.2698,38.0,downloaded,25342,0.0,0.0039,193,157,94,True,True,True,True,True,True,205,0.05125,19.51219512195122,observed
ucdb_173,3675,Nacala,Mozambique,Mozambique,Sub-Saharan Africa,Low income,277625.9638,50.0,downloaded,108109,0.0,14.5094,67,0,0,True,True,False,False,False,False,219,0.05475,18.264840182648403,observed
ucdb_174,6717,Patnos,Turkey,Turkey,Northern Africa and Western Asia,Upper Middle,104476.1862,15.0,downloaded,10374,0.0,0.0096,6,0,0,True,True,False,False,False,False,219,0.05475,18.264840182648403,observed
ucdb_175,1016,Galle,Sri Lanka,Sri Lanka,Central and Southern Asia,Lower Middle,554849.0123,248.0,downloaded,191935,0.0401,0.2371,2,0,0,True,True,False,False,False,False,1323,0.33075,3.0234315948601664,observed
ucdb_176,4466,Sharixon,Uzbekistan,Uzbekistan,Central and Southern Asia,Lower Middle,164542.5431,50.0,downloaded,196,0.0,0.5102,95,65,18,False,True,False,False,False,False,1120,0.28,3.571428571428571,set_false
ucdb_177,255,Bata,Equatorial Guinea,Equatorial Guinea,Sub-Saharan Africa,Upper Middle,789800.2459,88.0,downloaded,92398,0.0011,0.0043,0,0,0,True,True,False,False,False,False,191,0.04775,20.94240837696335,observed
ucdb_178,2590,Shahrisabz,Uzbekistan,Uzbekistan,Central and Southern Asia,Lower Middle,283388.1677,87.0,downloaded,3110,0.1608,32.1865,69,30,0,True,True,False,False,False,False,1133,0.28325,3.5304501323918798,observed
ucdb_179,6174,Syzran,Russia,Russian Federation,Europe,Upper Middle,111241.327,38.0,downloaded,29822,0.0,1.6163,5,2,0,True,True,False,False,False,False,212,0.053,18.867924528301888,observed
ucdb_180,2930,San Carlos,Venezuela,Venezuela (Bolivarian Republic of),Latin America and the Caribbean,Upper Middle,122453.7669,25.0,downloaded,30658,0.0,0.0,340,263,29,True,True,True,True,True,True,183,0.04575,21.85792349726776,observed
ucdb_181,6005,Monclova,MÃ©xico,Mexico,Latin America and the Caribbean,Upper Middle,290388.9017,66.0,downloaded,112421,0.0009,0.0027,211,128,32,True,True,True,True,True,True,185,0.04625,21.62162162162162,observed
ucdb_182,1358,Puerto Princesa,Philippines,Philippines,Eastern and South-Eastern Asia,Lower Middle,193911.4386,51.0,downloaded,59664,0.005,0.0553,55,0,0,True,True,False,False,False,False,623,0.15575,6.420545746388443,observed
ucdb_183,3289,Ijebu-Igbo,Nigeria,Nigeria,Sub-Saharan Africa,Lower Middle,251772.3235,23.0,downloaded,28136,0.0,0.0,23,0,0,True,True,False,False,False,False,170,0.0425,23.52941176470588,observed
ucdb_184,2280,Mongo,Chad,Chad,Sub-Saharan Africa,Low income,205278.8269,16.0,downloaded,13835,0.0,0.0,247,175,98,True,True,True,True,True,True,224,0.056,17.857142857142858,observed
ucdb_185,5439,Yirga Cheffe,Ethiopia,Ethiopia,Sub-Saharan Africa,Low income,128060.6738,26.0,downloaded,15441,0.0,0.0,5,0,0,True,True,False,False,False,False,218,0.0545,18.34862385321101,observed
ucdb_186,7772,Ishiagu,Nigeria,Nigeria,Sub-Saharan Africa,Lower Middle,118552.2537,13.0,downloaded,9908,0.0,0.0,152,24,0,True,True,False,False,False,False,185,0.04625,21.62162162162162,observed
ucdb_187,8062,Waingapu,Indonesia,Indonesia,Eastern and South-Eastern Asia,Upper Middle,118382.8473,22.0,downloaded,22292,0.0,0.8299,86,4,0,True,True,False,False,False,False,191,0.04775,20.94240837696335,observed
ucdb_188,8039,Kasur,Pakistan,Pakistan,Central and Southern Asia,Lower Middle,552723.0383,36.0,downloaded,54565,0.0,0.0,225,156,74,True,True,True,True,True,True,251,0.06275,15.936254980079681,observed
ucdb_189,621,Nukus,Uzbekistan,Uzbekistan,Central and Southern Asia,Lower Middle,289562.2979,74.0,downloaded,47483,1.5563,99.5093,89,63,16,True,True,False,False,False,False,1172,0.293,3.4129692832764507,observed
ucdb_190,4805,Jongphyong,North Korea,Dem. People's Republic of Korea,Eastern and South-Eastern Asia,Low income,105759.6432,6.0,downloaded,267,0.0,0.0,3,0,0,True,True,False,False,False,False,721,0.18025,5.547850208044383,observed
ucdb_191,3263,Naldanga,Bangladesh,Bangladesh,Central and Southern Asia,Lower Middle,116785.216,59.0,downloaded,12511,0.0,0.0,132,49,15,True,True,False,False,False,False,305,0.07625,13.114754098360656,observed
ucdb_192,351,Sapporo,Japan,Japan,Eastern and South-Eastern Asia,High income,1931423.54,353.0,downloaded,534680,0.0065,1.7272,0,0,0,True,True,False,False,False,False,484,0.121,8.264462809917356,observed
ucdb_193,8011,Allahabad,Pakistan,Pakistan,Central and Southern Asia,Lower Middle,115761.3581,11.0,downloaded,13110,0.0,0.0,230,187,79,True,True,True,True,True,True,235,0.05875,17.02127659574468,observed
ucdb_194,3099,Sibu,Malaysia,Malaysia,Eastern and South-Eastern Asia,Upper Middle,152038.4061,40.0,downloaded,30030,0.0033,0.0233,0,0,0,True,True,False,False,False,False,748,0.187,5.347593582887701,observed
ucdb_195,6845,Yogyakarta,Indonesia,Indonesia,Eastern and South-Eastern Asia,Upper Middle,2742763.241,641.0,downloaded,1157468,0.3916,1.2229,7,0,0,True,True,False,False,False,False,188,0.047,21.27659574468085,observed
ucdb_196,4465,Taloqan,Afghanistan,Afghanistan,Central and Southern Asia,Low income,307493.3176,40.0,downloaded,35041,0.0,0.0,50,20,0,True,True,False,False,False,False,1007,0.25175,3.97219463753724,observed
ucdb_197,643,Toufen,Taiwan,"China, Taiwan Province of China",Eastern and South-Eastern Asia,High income,159777.0268,35.0,downloaded,13886,0.0,0.4393,4,0,0,True,True,False,False,False,False,699,0.17475,5.722460658082976,observed
ucdb_198,1388,Angers,France,France,Europe,High income,162720.0414,58.0,downloaded,70316,15.8485,27.9225,3,0,0,True,False,False,False,False,False,216,0.054,18.51851851851852,observed
ucdb_199,6789,Akinima,Nigeria,Nigeria,Sub-Saharan Africa,Lower Middle,110459.1284,16.0,downloaded,4485,0.0,0.0,49,0,0,True,True,False,False,False,False,169,0.04225,23.668639053254438,observed
ucdb_200,883,Zhanaozen,Kazakhstan,Kazakhstan,Central and Southern Asia,Upper Middle,168146.305,40.0,downloaded,20900,0.0,4.8278,72,45,6,True,True,False,False,False,False,1282,0.3205,3.1201248049921997,observed
ucdb_201,125,Bwera,Uganda,Uganda,Sub-Saharan Africa,Low income,123131.252,41.0,downloaded,46439,0.0,0.0022,3,0,0,True,True,False,False,False,False,223,0.05575,17.937219730941703,observed
ucdb_202,3170,Toledo,Brazil,Brazil,Latin America and the Caribbean,Upper Middle,115692.384,36.0,downloaded,49276,0.0041,2.2039,160,63,0,True,True,False,False,False,False,212,0.053,18.867924528301888,observed
ucdb_203,6225,Georgiyevsk,Russia,Russian Federation,Europe,Upper Middle,114342.7139,36.0,downloaded,38665,0.0,0.3595,48,19,0,True,True,False,False,False,False,200,0.05,20.0,observed
ucdb_204,8714,Sahaspur,India,India,Central and Southern Asia,Lower Middle,139700.1435,15.0,downloaded,13293,0.0,0.0,164,110,65,True,True,True,True,True,True,32,0.008,125.0,observed
ucdb_205,1752,Babahoyo,Ecuador,Ecuador,Latin America and the Caribbean,Upper Middle,106151.2433,14.0,downloaded,11467,0.0,0.061,124,9,0,True,True,False,False,False,False,183,0.04575,21.85792349726776,observed
ucdb_206,10797,Qionghai,China,China,Eastern and South-Eastern Asia,Upper Middle,146854.4967,24.0,downloaded,12715,0.0,0.0,18,0,0,True,True,False,False,False,False,43,0.01075,93.0232558139535,observed
ucdb_207,2582,Milange,Mozambique,Mozambique,Sub-Saharan Africa,Low income,120961.7617,13.0,downloaded,18157,0.0,0.011,40,4,0,True,True,False,False,False,False,231,0.05775,17.316017316017316,observed
ucdb_208,7228,Char Alexander,Bangladesh,Bangladesh,Central and Southern Asia,Lower Middle,107725.1786,42.0,downloaded,10114,0.0,0.0,32,0,0,True,True,False,False,False,False,282,0.0705,14.184397163120568,observed
ucdb_209,6186,Gillingham,United Kingdom,United Kingdom,Europe,High income,247682.0877,72.0,downloaded,59266,66.6858,70.0283,0,0,0,True,False,False,False,False,False,178,0.0445,22.471910112359552,observed
ucdb_210,3372,Kurigram,Bangladesh,Bangladesh,Central and Southern Asia,Lower Middle,174673.7451,23.0,downloaded,28822,0.0104,0.0312,134,57,13,True,True,False,False,False,False,330,0.0825,12.121212121212121,observed
ucdb_211,3274,Durango,MÃ©xico,Mexico,Latin America and the Caribbean,Upper Middle,548393.9081,90.0,downloaded,197891,0.003,0.0147,55,28,0,True,True,False,False,False,False,215,0.05375,18.6046511627907,observed
ucdb_212,4166,Aungpan,Myanmar,Myanmar,Eastern and South-Eastern Asia,Lower Middle,101735.2967,10.0,downloaded,15954,0.0063,0.0063,48,14,0,True,True,False,False,False,False,620,0.155,6.451612903225807,observed
ucdb_213,1719,At Ta'if,Saudi Arabia,Saudi Arabia,Northern Africa and Western Asia,High income,489682.6141,98.0,downloaded,40022,0.0025,0.065,180,124,16,True,True,True,True,True,True,214,0.0535,18.69158878504673,observed
ucdb_214,6377,Madaripur,Bangladesh,Bangladesh,Central and Southern Asia,Lower Middle,190801.8946,26.0,downloaded,19220,0.0,0.0,125,49,19,True,True,False,False,False,False,357,0.08925,11.204481792717088,observed
ucdb_215,8455,Jiexiu,China,China,Eastern and South-Eastern Asia,Upper Middle,159367.8056,38.0,downloaded,14414,0.0,0.0,41,9,0,True,True,False,False,False,False,40,0.01,100.0,observed
ucdb_216,8249,New Bedford,United States,United States of America,Northern America,High income,117685.8388,40.0,downloaded,30375,76.9481,76.9844,0,0,0,True,False,False,False,False,False,229,0.05725,17.46724890829694,observed
ucdb_217,4557,Taza,Morocco,Morocco,Northern Africa and Western Asia,Lower Middle,174777.4262,19.0,downloaded,6655,0.0,0.015,116,88,45,True,True,True,True,False,False,202,0.0505,19.801980198019802,observed
ucdb_218,10781,Nankang,China,China,Eastern and South-Eastern Asia,Upper Middle,143448.0323,11.0,downloaded,6903,0.0,0.0,58,5,0,True,True,False,False,False,False,39,0.00975,102.56410256410257,observed
ucdb_219,1538,Kyzylorda,Kazakhstan,Kazakhstan,Central and Southern Asia,Upper Middle,234838.8773,75.0,downloaded,63712,0.0016,1.2792,73,42,6,True,True,False,False,False,False,1262,0.3155,3.1695721077654517,observed
ucdb_220,2389,Rangpur,Bangladesh,Bangladesh,Central and Southern Asia,Lower Middle,611286.5341,64.0,downloaded,74993,0.0,0.048,132,49,15,True,True,False,False,False,False,306,0.0765,13.071895424836601,observed
ucdb_221,1747,Melbourne,Australia,Australia,Australia and New Zealand,High income,4010658.252,1611.0,downloaded,1202309,73.897,75.6122,13,4,0,True,False,False,False,False,False,166,0.0415,24.096385542168672,observed
ucdb_222,3452,Groningen,Netherlands,Netherlands,Europe,High income,167781.9239,42.0,downloaded,77622,0.2912,4.2153,0,0,0,True,True,False,False,False,False,199,0.04975,20.100502512562812,observed
ucdb_223,4389,Fergana,Uzbekistan,Uzbekistan,Central and Southern Asia,Lower Middle,759422.5775,216.0,downloaded,84333,0.0095,1.0957,95,65,18,True,True,False,False,False,False,1097,0.27425,3.6463081130355515,observed
ucdb_224,2455,Emam Saheb,Afghanistan,Afghanistan,Central and Southern Asia,Low income,130051.3168,12.0,downloaded,5174,0.0,0.0,81,43,1,True,True,False,False,False,False,958,0.2395,4.175365344467641,observed
ucdb_225,3480,Labutta,Myanmar,Myanmar,Eastern and South-Eastern Asia,Lower Middle,103422.0716,10.0,downloaded,9249,0.0,0.0,167,85,0,True,True,True,True,False,False,675,0.16875,5.925925925925926,observed
ucdb_226,1071,Dogondoutchi,Niger,Niger,Sub-Saharan Africa,Low income,128991.7575,12.0,downloaded,18884,0.0,0.0,208,127,79,True,True,True,True,True,True,179,0.04475,22.3463687150838,observed
ucdb_227,4623,Toyama,Japan,Japan,Eastern and South-Eastern Asia,High income,239819.7818,96.0,downloaded,115108,0.748,1.5994,0,0,0,True,True,False,False,False,False,524,0.131,7.633587786259541,observed
ucdb_228,4937,Vinh Long,Vietnam,Viet Nam,Eastern and South-Eastern Asia,Lower Middle,268852.1038,94.0,downloaded,89332,0.0011,0.0101,144,55,3,True,True,False,False,False,False,584,0.146,6.849315068493151,observed
ucdb_229,10933,Guangzhou,China,China,Eastern and South-Eastern Asia,Upper Middle,42987704.03,6454.0,downloaded,3006711,0.0779,0.7967,68,0,0,True,True,False,False,False,False,34,0.0085,117.6470588235294,observed
ucdb_230,6345,Sreenagar,Bangladesh,Bangladesh,Central and Southern Asia,Lower Middle,116351.4208,35.0,downloaded,23099,0.0,0.0043,129,44,15,True,True,False,False,False,False,306,0.0765,13.071895424836601,observed
ucdb_231,4780,Ondo,Nigeria,Nigeria,Sub-Saharan Africa,Lower Middle,560263.9575,69.0,downloaded,90016,0.0,0.0,18,0,0,True,True,False,False,False,False,168,0.042,23.809523809523807,observed
ucdb_232,6880,Baraka,Democratic Republic of the Congo,Democratic Republic of the Congo,Sub-Saharan Africa,Low income,148713.427,22.0,downloaded,34201,0.0,0.0,4,0,0,True,True,False,False,False,False,219,0.05475,18.264840182648403,observed
ucdb_233,1336,Kokshetau,Kazakhstan,Kazakhstan,Central and Southern Asia,Upper Middle,142171.2811,35.0,downloaded,28206,0.0071,23.5446,1,0,0,True,True,False,False,False,False,1252,0.313,3.194888178913738,observed
ucdb_234,5294,Đà Nẵng,Vietnam,Viet Nam,Eastern and South-Eastern Asia,Lower Middle,1178696.377,225.0,downloaded,357965,0.0134,0.0425,107,11,0,True,True,False,False,False,False,581,0.14525,6.884681583476764,observed
ucdb_235,1176,Wishaw,United Kingdom,United Kingdom,Europe,High income,133413.8589,57.0,downloaded,41619,62.5339,67.4331,0,0,0,True,False,False,False,False,False,204,0.051,19.607843137254903,observed
ucdb_236,4725,Charikar,Afghanistan,Afghanistan,Central and Southern Asia,Low income,218321.1021,20.0,downloaded,24134,0.0,0.0,10,0,0,True,True,False,False,False,False,969,0.24225,4.12796697626419,observed
ucdb_237,439,Larissa,Greece,Greece,Europe,High income,118892.1119,22.0,downloaded,19348,0.0413,0.6977,103,71,10,True,True,True,True,False,False,179,0.04475,22.3463687150838,observed
ucdb_238,5151,Hlegu,Myanmar,Myanmar,Eastern and South-Eastern Asia,Lower Middle,125912.1832,12.0,downloaded,7986,0.0125,1.0644,173,108,58,True,True,True,True,True,True,682,0.1705,5.865102639296187,observed
ucdb_239,176,George Town,Malaysia,Malaysia,Eastern and South-Eastern Asia,Upper Middle,756640.6066,134.0,downloaded,79964,0.0488,4.2569,8,0,0,True,True,False,False,False,False,737,0.18425,5.4274084124830395,observed
ucdb_240,2320,Iksan-si,South Korea,Republic of Korea,Eastern and South-Eastern Asia,High income,154558.9406,35.0,downloaded,16591,0.0,0.5907,27,0,0,True,True,False,False,False,False,723,0.18075,5.532503457814661,observed
ucdb_241,2679,Hamilton,Canada,Canada,Northern America,High income,446366.6817,173.0,downloaded,116840,78.8737,79.0354,9,0,0,True,False,False,False,False,False,216,0.054,18.51851851851852,observed
ucdb_242,8453,Katsiro,Nigeria,Nigeria,Sub-Saharan Africa,Lower Middle,110443.0948,8.0,downloaded,15155,0.0,0.0,188,132,69,True,True,True,True,True,True,190,0.0475,21.05263157894737,observed
ucdb_243,764,Bishkek,Kyrgyzstan,Kyrgyzstan,Central and Southern Asia,Lower Middle,1428079.244,198.0,downloaded,244477,0.0266,3.5275,72,40,8,True,True,False,False,False,False,1230,0.3075,3.252032520325203,observed
ucdb_244,3029,Lashkar Gah,Afghanistan,Afghanistan,Central and Southern Asia,Low income,197380.2147,37.0,downloaded,37522,0.0,0.0,174,144,89,True,True,True,True,True,True,936,0.234,4.273504273504273,observed
ucdb_245,6168,Paranoá,Brazil,Brazil,Latin America and the Caribbean,Upper Middle,116381.0965,10.0,downloaded,24963,72.7597,72.8238,111,23,0,True,False,False,False,False,False,209,0.05225,19.138755980861244,observed
ucdb_246,8231,Worcester,United States,United States of America,Northern America,High income,134217.3147,48.0,downloaded,38169,73.5204,73.5361,2,0,0,True,False,False,False,False,False,198,0.0495,20.2020202020202,observed
ucdb_247,4289,Barrancabermeja,Colombia,Colombia,Latin America and the Caribbean,Upper Middle,186320.3816,31.0,downloaded,37896,3.6574,3.689,96,54,0,True,True,False,False,False,False,213,0.05325,18.779342723004696,observed
ucdb_248,4387,Ibb,Yemen,Yemen,Northern Africa and Western Asia,Low income,843581.1332,59.0,downloaded,39543,0.0076,0.0076,57,3,0,True,True,False,False,False,False,178,0.0445,22.471910112359552,observed
ucdb_249,4703,Tandil,Argentina,Argentina,Latin America and the Caribbean,Upper Middle,118074.5953,31.0,downloaded,77832,0.0681,0.4523,16,4,0,True,True,False,False,False,False,180,0.045,22.22222222222222,observed
ucdb_250,4639,Tshimbulu,Democratic Republic of the Congo,Democratic Republic of the Congo,Sub-Saharan Africa,Low income,132407.4379,11.0,downloaded,11145,0.0,0.0,119,49,0,True,True,False,False,False,False,219,0.05475,18.264840182648403,observed
ucdb_251,6128,Phan Rang – Tháp Chàm,Vietnam,Viet Nam,Eastern and South-Eastern Asia,Lower Middle,150866.6803,45.0,downloaded,55837,0.0,0.0,31,2,0,True,True,False,False,False,False,572,0.143,6.993006993006993,observed
ucdb_252,7855,Petrópolis,Brazil,Brazil,Latin America and the Caribbean,Upper Middle,212433.7842,60.0,downloaded,66987,1.5899,1.8108,103,29,0,True,True,False,False,False,False,197,0.04925,20.304568527918782,observed
ucdb_253,347,락원1동,North Korea,Dem. People's Republic of Korea,Eastern and South-Eastern Asia,Low income,101106.3152,13.0,downloaded,6424,0.0,0.0,0,0,0,True,True,False,False,False,False,725,0.18125,5.517241379310345,observed
ucdb_254,3641,Yangsan,South Korea,Republic of Korea,Eastern and South-Eastern Asia,High income,164281.5269,39.0,downloaded,9657,0.0725,16.413,14,0,0,True,True,False,False,False,False,701,0.17525,5.706134094151213,observed
ucdb_255,8964,Basoda,India,India,Central and Southern Asia,Lower Middle,139051.762,15.0,downloaded,17044,0.0,0.0,139,99,57,True,True,True,True,True,True,41,0.01025,97.5609756097561,observed
ucdb_256,8471,Gashua,Nigeria,Nigeria,Sub-Saharan Africa,Lower Middle,139353.4135,15.0,downloaded,36126,0.0,0.0,194,144,100,True,True,True,True,True,True,160,0.04,25.0,observed
ucdb_257,7368,Tomsk,Russia,Russian Federation,Europe,Upper Middle,465966.4226,78.0,downloaded,43338,1.3429,18.5726,0,0,0,True,True,False,False,False,False,187,0.04675,21.390374331550802,observed
ucdb_258,4841,Morioka,Japan,Japan,Eastern and South-Eastern Asia,High income,217879.8837,70.0,downloaded,96945,0.001,0.3218,2,1,0,True,True,False,False,False,False,471,0.11775,8.492569002123142,observed
ucdb_259,5583,Yoshkar-Ola,Russia,Russian Federation,Europe,Upper Middle,286453.6342,48.0,downloaded,25464,0.7383,13.6978,1,0,0,True,True,False,False,False,False,210,0.0525,19.047619047619047,observed
ucdb_260,7861,Richmond,United States,United States of America,Northern America,High income,151923.5315,72.0,downloaded,69017,40.6798,41.3652,51,20,0,True,False,False,False,False,False,203,0.05075,19.704433497536943,observed
ucdb_261,4443,Buenos Aires,Argentina,Argentina,Latin America and the Caribbean,Upper Middle,14179912.05,2186.0,downloaded,4348347,0.0661,0.3557,53,14,6,True,True,False,False,False,False,212,0.053,18.867924528301888,observed
ucdb_262,7393,Tuban,Indonesia,Indonesia,Eastern and South-Eastern Asia,Upper Middle,195382.944,45.0,downloaded,58686,0.0017,0.0256,128,41,0,True,True,False,False,False,False,189,0.04725,21.164021164021165,observed
ucdb_263,5303,Constantine,Algeria,Algeria,Northern Africa and Western Asia,Lower Middle,507697.2204,93.0,downloaded,51284,0.0019,2.8956,100,68,30,True,True,True,True,False,False,204,0.051,19.607843137254903,observed
ucdb_264,4003,Bangko,Indonesia,Indonesia,Eastern and South-Eastern Asia,Upper Middle,118735.0093,15.0,downloaded,10625,0.0,0.4329,8,0,0,True,True,False,False,False,False,203,0.05075,19.704433497536943,observed
ucdb_265,1737,Nakhon Sawan,Thailand,Thailand,Eastern and South-Eastern Asia,Upper Middle,101773.6424,34.0,downloaded,40259,0.0,0.0149,236,133,48,True,True,True,True,True,True,709,0.17725,5.6417489421720735,observed
ucdb_266,2537,Jeonju,South Korea,Republic of Korea,Eastern and South-Eastern Asia,High income,631782.4724,91.0,downloaded,36585,0.2351,7.3035,27,0,0,True,True,False,False,False,False,704,0.176,5.6818181818181825,observed
ucdb_267,1393,Charleroi,Belgium,Belgium,Europe,High income,222465.2314,86.0,downloaded,203040,4.0657,4.1494,0,0,0,True,True,False,False,False,False,190,0.0475,21.05263157894737,observed
ucdb_268,761,Herat,Afghanistan,Afghanistan,Central and Southern Asia,Low income,1489155.783,88.0,downloaded,157699,0.0,0.0044,74,22,0,True,True,False,False,False,False,964,0.241,4.149377593360996,observed
ucdb_269,1727,Temirtau,Kazakhstan,Kazakhstan,Central and Southern Asia,Upper Middle,108296.8426,25.0,downloaded,11331,0.0706,32.3537,6,1,0,True,True,False,False,False,False,1275,0.31875,3.1372549019607847,observed
ucdb_270,11120,Islampur,India,India,Central and Southern Asia,Lower Middle,124055.6482,12.0,downloaded,16041,0.1247,3.7529,91,41,4,True,True,False,False,False,False,44,0.011,90.90909090909092,observed
ucdb_271,6373,Quiha,Ethiopia,Ethiopia,Sub-Saharan Africa,Low income,237818.1428,11.0,downloaded,9863,0.0,0.0,17,0,0,True,True,False,False,False,False,218,0.0545,18.34862385321101,observed
ucdb_272,95,Klaipėda,Lithuania,Lithuania,Europe,High income,103209.9429,37.0,downloaded,10208,0.1176,5.9757,0,0,0,True,True,False,False,False,False,218,0.0545,18.34862385321101,observed
ucdb_273,1372,Gonaïves,Haiti,Haiti,Latin America and the Caribbean,Lower Middle,393644.1118,35.0,downloaded,66357,0.0,0.0075,158,28,0,True,True,False,False,False,False,201,0.05025,19.90049751243781,observed
ucdb_274,2909,Taldykorgan,Kazakhstan,Kazakhstan,Central and Southern Asia,Upper Middle,146373.6667,40.0,downloaded,34044,0.0059,0.5816,56,29,1,True,True,False,False,False,False,1254,0.3135,3.189792663476874,observed
ucdb_275,7582,Zhilkino,Russia,Russian Federation,Europe,Upper Middle,123758.8951,34.0,downloaded,26018,0.0,4.4815,6,1,0,True,True,False,False,False,False,215,0.05375,18.6046511627907,observed
ucdb_276,7573,Angarsk,Russia,Russian Federation,Europe,Upper Middle,162626.7025,36.0,downloaded,6832,0.0732,72.9069,5,0,0,True,True,False,False,False,False,187,0.04675,21.390374331550802,observed
ucdb_277,1586,Mecheria,Algeria,Algeria,Northern Africa and Western Asia,Lower Middle,112802.0586,12.0,downloaded,14708,0.0,0.0408,98,74,17,True,True,True,True,False,False,191,0.04775,20.94240837696335,observed
ucdb_278,3152,Pyay,Myanmar,Myanmar,Eastern and South-Eastern Asia,Lower Middle,187737.3034,22.0,downloaded,21322,0.0,0.0,251,117,45,True,True,True,True,True,True,613,0.15325,6.525285481239805,observed
ucdb_279,2667,Gwangju,South Korea,Republic of Korea,Eastern and South-Eastern Asia,High income,1428491.527,190.0,downloaded,82902,0.2497,11.5739,10,0,0,True,True,False,False,False,False,720,0.18,5.555555555555555,observed
ucdb_280,2454,Samarqand,Uzbekistan,Uzbekistan,Central and Southern Asia,Lower Middle,892554.4193,219.0,downloaded,164657,0.0121,1.3719,85,47,3,True,True,False,False,False,False,1141,0.28525,3.5056967572304996,observed
ucdb_281,1208,Chingola,Zambia,Zambia,Sub-Saharan Africa,Lower Middle,268785.8725,49.0,downloaded,68035,0.0015,0.0015,75,26,0,True,True,False,False,False,False,213,0.05325,18.779342723004696,observed
ucdb_282,4247,Takamatsu,Japan,Japan,Eastern and South-Eastern Asia,High income,314296.087,148.0,downloaded,119669,0.0033,1.7791,36,0,0,True,True,False,False,False,False,524,0.131,7.633587786259541,observed
ucdb_283,7777,Cary,United States,United States of America,Northern America,High income,105582.5086,59.0,downloaded,21776,79.3534,80.1525,50,23,1,True,False,False,False,False,False,231,0.05775,17.316017316017316,observed
ucdb_284,1918,Wonju,South Korea,Republic of Korea,Eastern and South-Eastern Asia,High income,218040.8651,41.0,downloaded,20683,0.0,1.5472,0,0,0,True,True,False,False,False,False,700,0.175,5.714285714285714,observed
ucdb_285,6735,Anar,Iran,Iran (Islamic Republic of),Central and Southern Asia,Lower Middle,109187.2336,9.0,downloaded,30,0.0,0.0,123,90,36,False,True,True,False,False,False,427,0.10675,9.36768149882904,set_false
ucdb_286,1816,Karaganda,Kazakhstan,Kazakhstan,Central and Southern Asia,Upper Middle,303663.2665,63.0,downloaded,34137,0.9228,4.0015,6,1,0,True,True,False,False,False,False,1256,0.314,3.1847133757961785,observed
ucdb_287,2721,Mehar Taluka,Pakistan,Pakistan,Central and Southern Asia,Lower Middle,146890.3491,9.0,downloaded,13931,0.0,0.0,258,225,122,True,True,True,True,True,True,244,0.061,16.39344262295082,observed
ucdb_288,951,Gaya,Niger,Niger,Sub-Saharan Africa,Low income,149329.8705,15.0,downloaded,20821,0.0,0.0,213,137,67,True,True,True,True,True,True,220,0.055,18.181818181818183,observed
ucdb_289,1608,Tubruq,Libya,Libya,Northern Africa and Western Asia,Upper Middle,115428.5679,40.0,downloaded,2217,0.2706,2.0298,121,54,6,True,True,False,False,False,False,190,0.0475,21.05263157894737,observed
ucdb_290,2433,Bacău,Romania,Romania,Europe,High income,129974.0602,30.0,downloaded,21769,0.0046,1.3138,32,9,0,True,True,False,False,False,False,185,0.04625,21.62162162162162,observed
ucdb_291,5779,Abu Qurqas,Egypt,Egypt,Northern Africa and Western Asia,Lower Middle,188954.9862,22.0,downloaded,9178,0.0,0.0,181,141,73,True,True,True,True,True,True,184,0.046,21.73913043478261,observed
ucdb_292,2964,Ardabil,Iran,Iran (Islamic Republic of),Central and Southern Asia,Lower Middle,403961.4207,72.0,downloaded,54067,0.6547,2.3212,19,2,0,True,True,False,False,False,False,427,0.10675,9.36768149882904,observed
ucdb_293,5858,Kambove,Democratic Republic of the Congo,Democratic Republic of the Congo,Sub-Saharan Africa,Low income,264734.6424,12.0,downloaded,11023,0.0,0.0,70,19,0,True,True,False,False,False,False,220,0.055,18.181818181818183,observed
ucdb_294,4758,Yarim,Yemen,Yemen,Northern Africa and Western Asia,Low income,252060.7524,11.0,downloaded,12880,0.0,0.0,15,0,0,True,True,False,False,False,False,224,0.056,17.857142857142858,observed
ucdb_295,3802,Jega,Nigeria,Nigeria,Sub-Saharan Africa,Lower Middle,230737.2099,23.0,downloaded,31027,0.0,0.0032,235,136,62,True,True,True,True,True,True,162,0.0405,24.691358024691358,observed
ucdb_296,3739,P'yŏngyang,North Korea,Dem. People's Republic of Korea,Eastern and South-Eastern Asia,Low income,2868313.037,228.0,downloaded,122516,2.5352,7.5402,13,0,0,True,True,False,False,False,False,687,0.17175,5.822416302765648,observed
ucdb_297,1002,Jamame,Somalia,Somalia,Sub-Saharan Africa,Low income,100184.646,5.0,downloaded,4344,0.0,0.0,229,98,0,True,True,True,True,False,False,204,0.051,19.607843137254903,observed
ucdb_298,3943,Pretoria,South Africa,South Africa,Sub-Saharan Africa,Upper Middle,1826231.895,477.0,downloaded,722925,0.2584,1.1765,131,66,3,True,True,False,False,False,False,205,0.05125,19.51219512195122,observed
ucdb_299,7959,Baltimore,United States,United States of America,Northern America,High income,1127337.892,449.0,downloaded,396255,32.3077,35.0416,35,15,0,True,False,False,False,False,False,225,0.05625,17.77777777777778,observed
ucdb_300,1098,Chinhoyi,Zimbabwe,Zimbabwe,Sub-Saharan Africa,Lower Middle,100652.2773,24.0,downloaded,22483,0.0178,10.4479,162,65,0,True,True,False,False,False,False,213,0.05325,18.779342723004696,observed
